Group,Conversion_Rate,p_value,CI_Low,CI_High
Control,0.01785410644448223,1.703305262783145e-13,0.0059508653936948454,0.009434040990708189
Test,0.025546559636683747,1.703305262783145e-13,0.0059508653936948454,0.009434040990708189
